"Term","Estimate","Std_Error","t_value","p_value","Significant"
"(Intercept)",7.97844506006712,2.1415397982575,3.72556469254455,0.000304748186246241,"Yes"
"Age",0.0263075702877871,0.0345131122503417,0.762248565037092,0.447485894504335,"No"
"GenderMale",-0.207774600219658,0.608386026786825,-0.341517705981865,0.733342580489976,"No"
"EducationUp to A/L",1.70981449178452,0.859140154739218,1.99014617388419,0.0489682246271114,"Yes"
"EducationUndergraduate",6.29671034974906,1.29982966622146,4.84425806963869,4.03725426123853e-06,"Yes"
"EducationGraduate",3.87121029970286,0.961586931211929,4.02585577449956,0.000102583597255129,"Yes"
"Income25,000 – 50,000",-3.65385758599042,1.60792527098443,-2.27240509986724,0.0249368116816686,"Yes"
"Income51,000 – 100,000",-1.41243785005263,1.61469981071637,-0.87473711254477,0.383556124249262,"No"
"Income> 100,000",0.516521464234773,1.7987455557664,0.287156492244784,0.774513797561828,"No"
