Term,Estimate,Std_Error,t_value,p_value,Significant
Intercept,7.96877988306594,2.1484167474730276,3.7091406462171905,0.0003229187349170427,Yes
"C(Gender, Treatment(reference='Female'))[T.Male]",-0.2445919832584141,0.610339686398035,-0.4007473030336465,0.6893562580080993,No
"C(Education, Treatment(reference='Up to O/L'))[T.Graduate]",3.901292148273395,0.9646747956063425,4.044152667864877,9.58265825369223e-05,Yes
"C(Education, Treatment(reference='Up to O/L'))[T.Undergraduate]",6.335434105790852,1.3040037014697017,4.858447946620384,3.8048849804402694e-06,Yes
"C(Education, Treatment(reference='Up to O/L'))[T.Up to A/L]",1.669714051149421,0.8618990402934215,1.9372501570265008,0.05518883911228981,No
"C(Income, Treatment(reference='< 25,000'))[T.25,000 – 50,000]",-3.5604704267636156,1.6130886681064023,-2.2072378891256093,0.02930058373676819,Yes
"C(Income, Treatment(reference='< 25,000'))[T.51,000 – 100,000]",-1.3238146343816422,1.6198849623561646,-0.8172275594534315,0.4155030455348625,No
"C(Income, Treatment(reference='< 25,000'))[T.> 100,000]",0.627632488861934,1.80452171824945,0.3478109919734269,0.7286235140206432,No
Age,0.02613769290588133,0.034623941346494276,0.7549022985081913,0.45186434491298577,No
